id,priority,section,target_path (under apps/web/public/images/),size_px,format,where_used,subject_brief,suggested_source,licence_note,status
IMG-001,1-Must,Brand and app icons,icons/icon-192.png,192x192,PNG,Installed-app icon (manifest),"Lotus-leaf mark on ivory, Bengal red and gold",Designer / redraw of current logo,Own artwork,needed
IMG-002,1-Must,Brand and app icons,icons/icon-512.png,512x512,PNG,"Installed-app icon, splash (manifest)","Same mark, larger",Designer,Own artwork,needed
IMG-003,1-Must,Brand and app icons,icons/icon-maskable-512.png,512x512 (mark inside the central 80%),PNG,"Android adaptive icon (manifest, purpose maskable)",Mark on solid ivory or red background with safe padding,Designer,Own artwork,needed
IMG-004,1-Must,Brand and app icons,icons/apple-touch-icon.png,180x180,PNG,iPhone home-screen icon,Mark on solid background (no transparency),Designer,Own artwork,needed
IMG-005,1-Must,Brand and app icons,favicon.svg and favicon-32.png,SVG and 32x32,SVG + PNG,Browser tab,Simplified mark that reads at 16px,Designer,Own artwork,needed
IMG-006,1-Must,Brand and app icons,brand/logo-horizontal.svg,"SVG, about 240x64",SVG,Header and footer,Mark plus the word Alapon in Bengali and Latin,Designer,Own artwork,needed
IMG-007,1-Must,Brand and app icons,brand/logo-mark.svg,SVG square,SVG,"Compact header (mobile), loading state",Mark only,Designer,Own artwork,needed
IMG-008,1-Must,Brand and app icons,brand/logo-dark.svg,SVG,SVG,Dark theme header,Light-on-dark version of the logo,Designer,Own artwork,needed
IMG-009,1-Must,Social sharing,og/default.jpg,1200x630,JPG,"Link previews (WhatsApp, Facebook, X) for all pages",Hero scene with the Bengali tagline baked into the picture (the server cannot render Bengali text),"Commissioned illustrator, or generated art with commercial-use terms",Own artwork,needed
IMG-010,2-High,Social sharing,og/puja.jpg,1200x630,JPG,Link previews for Puja and festival pages,Puja pandal or dhak scene with Bengali festival text baked in,"Commissioned illustrator, or generated art with commercial-use terms",Own artwork,needed
IMG-011,2-High,Social sharing,og/game.jpg,1200x630,JPG,Link previews for the game and quiz pages,Letter tiles on ivory with Bengali title baked in,"Commissioned illustrator, or generated art with commercial-use terms",Own artwork,needed
IMG-012,-,Homepage,images/homepage-banner.png,2048x768,PNG (convert to WebP),Homepage hero background,"Kolkata river at sunset with Victoria Memorial, boat and books",Supplied by owner,Confirm ownership or licence,"done (convert to WebP, about 250 KB)"
IMG-013,2-High,Homepage,images/hero-mobile.webp,900x1200,WebP,Homepage hero on phones (portrait crop),Portrait crop of the same scene with open sky on top for the headline,Crop or re-render of the banner,Same as banner,needed
IMG-014,3-Nice,Homepage,images/hero-puja.webp,2048x768,WebP,Homepage hero swapped in during Puja season (Oct),"Dhak, dhunuchi smoke, pandal lights at dusk","Unsplash / Pexels / Pixabay, or Wikimedia Commons (check each file), or commissioned illustration",Record source and licence in docs/ASSET_CREDITS.md,needed
IMG-015,3-Nice,Homepage,images/hero-winter.webp,2048x768,WebP,Homepage hero for winter (Dec to Feb),"Misty morning, nolen gur, Poush Mela or Boi Mela","Unsplash / Pexels / Pixabay, or Wikimedia Commons (check each file), or commissioned illustration",Record source and licence in docs/ASSET_CREDITS.md,needed
IMG-016,3-Nice,Homepage,images/hero-night.webp,2048x768,WebP,Hero in dark theme,Evening version of the scene,Re-render of banner,Same as banner,needed
IMG-017,2-High,Daily 5 tiles,daily5/word.png,400x400,PNG (transparent) or SVG,Homepage Daily 5 tile and Today page row,"Todays word (a written word, pen or leaf)","Commissioned illustrator, or generated art with commercial-use terms",Own artwork or licensed illustration,needed
IMG-018,2-High,Daily 5 tiles,daily5/game.png,400x400,PNG (transparent) or SVG,Homepage Daily 5 tile and Today page row,Todays game (letter tiles),"Commissioned illustrator, or generated art with commercial-use terms",Own artwork or licensed illustration,needed
IMG-019,2-High,Daily 5 tiles,daily5/question.png,400x400,PNG (transparent) or SVG,Homepage Daily 5 tile and Today page row,Todays question (question mark motif),"Commissioned illustrator, or generated art with commercial-use terms",Own artwork or licensed illustration,needed
IMG-020,2-High,Daily 5 tiles,daily5/discovery.png,400x400,PNG (transparent) or SVG,Homepage Daily 5 tile and Today page row,Todays discovery (heritage building),"Commissioned illustrator, or generated art with commercial-use terms",Own artwork or licensed illustration,needed
IMG-021,2-High,Daily 5 tiles,daily5/learn.png,400x400,PNG (transparent) or SVG,Homepage Daily 5 tile and Today page row,Todays learning (open book and leaf),"Commissioned illustrator, or generated art with commercial-use terms",Own artwork or licensed illustration,needed
IMG-022,2-High,Learn page cards,learn/alphabet.webp,400x300,WebP,Learn page category card,Illustration or photo for: Bengali alphabet,"Commissioned illustrator, or generated art with commercial-use terms",Record source and licence in docs/ASSET_CREDITS.md,needed
IMG-023,2-High,Learn page cards,learn/words.webp,400x300,WebP,Learn page category card,Illustration or photo for: Word bank,"Commissioned illustrator, or generated art with commercial-use terms",Record source and licence in docs/ASSET_CREDITS.md,needed
IMG-024,2-High,Learn page cards,learn/pronunciation.webp,400x300,WebP,Learn page category card,Illustration or photo for: Pronunciation,"Commissioned illustrator, or generated art with commercial-use terms",Record source and licence in docs/ASSET_CREDITS.md,needed
IMG-025,2-High,Learn page cards,learn/sentences.webp,400x300,WebP,Learn page category card,Illustration or photo for: Everyday sentences,"Commissioned illustrator, or generated art with commercial-use terms",Record source and licence in docs/ASSET_CREDITS.md,needed
IMG-026,2-High,Learn page cards,learn/culture.webp,400x300,WebP,Learn page category card,Illustration or photo for: Learn through culture,"Commissioned illustrator, or generated art with commercial-use terms",Record source and licence in docs/ASSET_CREDITS.md,needed
IMG-027,2-High,Learn page cards,learn/puja.webp,400x300,WebP,Learn page category card,Illustration or photo for: Festival vocabulary,"Commissioned illustrator, or generated art with commercial-use terms",Record source and licence in docs/ASSET_CREDITS.md,needed
IMG-028,2-High,Passport and profile,passport/cover.webp,600x800,WebP,Bengal Passport page cover,"Passport-style cover in Bengal red and gold, no country emblem","Commissioned illustrator, or generated art with commercial-use terms",Own artwork,needed
IMG-029,3-Nice,Passport and profile,passport/stamp-frame.svg,SVG 200x200,SVG,Passport stamp border,Circular alpona-style stamp frame,"Commissioned illustrator, or generated art with commercial-use terms",Own artwork,needed
IMG-030,3-Nice,Empty states,empty/no-results.svg,SVG 320x240,SVG,Search with no results,Friendly illustration (magnifier and leaf),"Commissioned illustrator, or generated art with commercial-use terms",Record source and licence in docs/ASSET_CREDITS.md,needed
IMG-031,3-Nice,Empty states,empty/offline.svg,SVG 320x240,SVG,Offline page,Boat waiting on a still river,"Commissioned illustrator, or generated art with commercial-use terms",Record source and licence in docs/ASSET_CREDITS.md,needed
IMG-032,3-Nice,Empty states,empty/not-found.svg,SVG 320x240,SVG,404 page,Lost paper boat or empty path,"Commissioned illustrator, or generated art with commercial-use terms",Record source and licence in docs/ASSET_CREDITS.md,needed
IMG-033,3-Nice,Empty states,empty/passport-empty.svg,SVG 320x240,SVG,Passport with no stamps yet,Blank passport page with a stamp waiting,"Commissioned illustrator, or generated art with commercial-use terms",Record source and licence in docs/ASSET_CREDITS.md,needed
IMG-034,3-Nice,Ornament,ornament/leaf-corner.svg,SVG 160x200,SVG or transparent PNG,"Page corner decoration (Today, Word DNA, hero)",Watercolour or line-art leaf sprig in red and gold,"Commissioned illustrator, or generated art with commercial-use terms",Record source and licence in docs/ASSET_CREDITS.md,needed
IMG-035,3-Nice,Ornament,ornament/alpona-divider.svg,SVG 800x24,SVG,Section divider,Repeating alpona pattern,"Commissioned illustrator, or generated art with commercial-use terms",Record source and licence in docs/ASSET_CREDITS.md,needed
IMG-036,1-Must,Festival pages,festival/durga-puja.webp,1600x900,WebP,/festival/durga-puja header and Puja hub,"Durga Puja pandal at dusk, idol makers at Kumartuli, or dhak players (photograph, avoid close-up of faces without release)","Unsplash / Pexels / Pixabay, or Wikimedia Commons (check each file), or commissioned illustration","Sacred imagery: use in festival context only, never as game rewards",needed
IMG-037,1-Must,Festival pages,festival/kojagari-lakshmi-puja.webp,1600x900,WebP,/festival/kojagari-lakshmi-puja header and Puja hub,"Lakshmi alpona footprints, lotus, paddy pot, naru","Unsplash / Pexels / Pixabay, or Wikimedia Commons (check each file), or commissioned illustration","Sacred imagery: use in festival context only, never as game rewards",needed
IMG-038,1-Must,Festival pages,festival/kali-puja.webp,1600x900,WebP,/festival/kali-puja header and Puja hub,"Rows of lamps and hibiscus, Dakshineswar at night","Unsplash / Pexels / Pixabay, or Wikimedia Commons (check each file), or commissioned illustration","Sacred imagery: use in festival context only, never as game rewards",needed
IMG-039,1-Must,Festival pages,festival/bhai-phota.webp,1600x900,WebP,/festival/bhai-phota header and Puja hub,"Sandalwood tika plate, sweets, thali (hands only, no faces)","Unsplash / Pexels / Pixabay, or Wikimedia Commons (check each file), or commissioned illustration","Sacred imagery: use in festival context only, never as game rewards",needed
IMG-040,1-Must,Festival pages,festival/jagaddhatri-puja.webp,1600x900,WebP,/festival/jagaddhatri-puja header and Puja hub,Chandannagar light gateway,"Unsplash / Pexels / Pixabay, or Wikimedia Commons (check each file), or commissioned illustration","Sacred imagery: use in festival context only, never as game rewards",needed
IMG-041,2-High,Festival pages,festival/poush-sankranti.webp,1600x900,WebP,/festival/poush-sankranti header and Puja hub,"Pithe-puli, date-palm jaggery, winter morning","Unsplash / Pexels / Pixabay, or Wikimedia Commons (check each file), or commissioned illustration","Sacred imagery: use in festival context only, never as game rewards",needed
IMG-042,2-High,Festival pages,festival/saraswati-puja.webp,1600x900,WebP,/festival/saraswati-puja header and Puja hub,"Yellow flowers, books, pen, alpona","Unsplash / Pexels / Pixabay, or Wikimedia Commons (check each file), or commissioned illustration","Sacred imagery: use in festival context only, never as game rewards",needed
IMG-043,3-Nice,Festival pages,festival/dol-jatra.webp,1600x900,WebP,/festival/dol-jatra header and Puja hub,"Colours (abir), spring flowers","Unsplash / Pexels / Pixabay, or Wikimedia Commons (check each file), or commissioned illustration","Sacred imagery: use in festival context only, never as game rewards",needed
IMG-044,2-High,Festival pages,festival/poila-boishakh.webp,1600x900,WebP,/festival/poila-boishakh header and Puja hub,"Halkhata ledger, alpona, new-year sweets","Unsplash / Pexels / Pixabay, or Wikimedia Commons (check each file), or commissioned illustration","Sacred imagery: use in festival context only, never as game rewards",needed
IMG-045,3-Nice,Festival pages,festival/rabindra-jayanti.webp,1600x900,WebP,/festival/rabindra-jayanti header and Puja hub,"Books and lamp, stage in Santiniketan style (no portrait unless licensed)","Unsplash / Pexels / Pixabay, or Wikimedia Commons (check each file), or commissioned illustration","Sacred imagery: use in festival context only, never as game rewards",needed
IMG-046,3-Nice,Festival pages,festival/jamai-shashti.webp,1600x900,WebP,/festival/jamai-shashti header and Puja hub,"Mango, sweets and a laid table","Unsplash / Pexels / Pixabay, or Wikimedia Commons (check each file), or commissioned illustration","Sacred imagery: use in festival context only, never as game rewards",needed
IMG-047,3-Nice,Festival pages,festival/rath-yatra.webp,1600x900,WebP,/festival/rath-yatra header and Puja hub,Chariot procession,"Unsplash / Pexels / Pixabay, or Wikimedia Commons (check each file), or commissioned illustration","Sacred imagery: use in festival context only, never as game rewards",needed
IMG-048,3-Nice,Festival pages,festival/raksha-bandhan.webp,1600x900,WebP,/festival/raksha-bandhan header and Puja hub,Rakhi threads and sweets,"Unsplash / Pexels / Pixabay, or Wikimedia Commons (check each file), or commissioned illustration","Sacred imagery: use in festival context only, never as game rewards",needed
IMG-049,3-Nice,Festival pages,festival/janmashtami.webp,1600x900,WebP,/festival/janmashtami header and Puja hub,"Butter pot, peacock feather, lamp","Unsplash / Pexels / Pixabay, or Wikimedia Commons (check each file), or commissioned illustration","Sacred imagery: use in festival context only, never as game rewards",needed
IMG-050,3-Nice,Festival pages,festival/vishwakarma-puja.webp,1600x900,WebP,/festival/vishwakarma-puja header and Puja hub,"Tools, kites, factory-workshop worship","Unsplash / Pexels / Pixabay, or Wikimedia Commons (check each file), or commissioned illustration","Sacred imagery: use in festival context only, never as game rewards",needed
IMG-051,2-High,Discover cards (place),discover/murshidabad.webp,800x600,WebP,"/discover and /discover/murshidabad, homepage Discover cards, search","Hazarduari Palace, Bhagirathi bank","Unsplash / Pexels / Pixabay, or Wikimedia Commons (check each file), or commissioned illustration",People portraits and film stills: only if public domain or licensed; prefer illustration,needed
IMG-052,2-High,Discover cards (place),discover/santiniketan.webp,800x600,WebP,"/discover and /discover/santiniketan, homepage Discover cards, search","Chhatimtala, Poush Mela, Amrakunja","Unsplash / Pexels / Pixabay, or Wikimedia Commons (check each file), or commissioned illustration",People portraits and film stills: only if public domain or licensed; prefer illustration,needed
IMG-053,2-High,Discover cards (place),discover/darjeeling.webp,800x600,WebP,"/discover and /discover/darjeeling, homepage Discover cards, search","Tea gardens, toy train, Kanchenjunga","Unsplash / Pexels / Pixabay, or Wikimedia Commons (check each file), or commissioned illustration",People portraits and film stills: only if public domain or licensed; prefer illustration,needed
IMG-054,2-High,Discover cards (place),discover/sundarbans.webp,800x600,WebP,"/discover and /discover/sundarbans, homepage Discover cards, search","Mangrove creeks, boat, tiger reserve landscape (Indian side)","Unsplash / Pexels / Pixabay, or Wikimedia Commons (check each file), or commissioned illustration",People portraits and film stills: only if public domain or licensed; prefer illustration,needed
IMG-055,2-High,Discover cards (place),discover/nabadwip.webp,800x600,WebP,"/discover and /discover/nabadwip, homepage Discover cards, search","Ganga ghat, Chaitanya heritage, Ras Utsav","Unsplash / Pexels / Pixabay, or Wikimedia Commons (check each file), or commissioned illustration",People portraits and film stills: only if public domain or licensed; prefer illustration,needed
IMG-056,2-High,Discover cards (place),discover/college-street.webp,800x600,WebP,"/discover and /discover/college-street, homepage Discover cards, search","Boi para, book stalls, Coffee House exterior","Unsplash / Pexels / Pixabay, or Wikimedia Commons (check each file), or commissioned illustration",People portraits and film stills: only if public domain or licensed; prefer illustration,needed
IMG-057,2-High,Discover cards (place),discover/kumartuli.webp,800x600,WebP,"/discover and /discover/kumartuli, homepage Discover cards, search","Artisan lane with clay idols in progress (hands and work, not faces)","Unsplash / Pexels / Pixabay, or Wikimedia Commons (check each file), or commissioned illustration",People portraits and film stills: only if public domain or licensed; prefer illustration,needed
IMG-058,2-High,Discover cards (place),discover/dakshineswar.webp,800x600,WebP,"/discover and /discover/dakshineswar, homepage Discover cards, search",Dakshineswar temple on the Ganga,"Unsplash / Pexels / Pixabay, or Wikimedia Commons (check each file), or commissioned illustration",People portraits and film stills: only if public domain or licensed; prefer illustration,needed
IMG-059,2-High,Discover cards (place),discover/gaur-pandua.webp,800x600,WebP,"/discover and /discover/gaur-pandua, homepage Discover cards, search",Ruins and brickwork of Gaur or Pandua,"Unsplash / Pexels / Pixabay, or Wikimedia Commons (check each file), or commissioned illustration",People portraits and film stills: only if public domain or licensed; prefer illustration,needed
IMG-060,2-High,Discover cards (place),discover/dakshineswar-kali-temple.webp,800x600,WebP,"/discover and /discover/dakshineswar-kali-temple, homepage Discover cards, search",Temple courtyard (different frame from the entry above),"Unsplash / Pexels / Pixabay, or Wikimedia Commons (check each file), or commissioned illustration",People portraits and film stills: only if public domain or licensed; prefer illustration,needed
IMG-061,2-High,Discover cards (place),discover/kalighat-temple.webp,800x600,WebP,"/discover and /discover/kalighat-temple, homepage Discover cards, search",Kalighat temple lane and flower stalls,"Unsplash / Pexels / Pixabay, or Wikimedia Commons (check each file), or commissioned illustration",People portraits and film stills: only if public domain or licensed; prefer illustration,needed
IMG-062,2-High,Discover cards (food),discover/rasgulla.webp,800x600,WebP,"/discover and /discover/rasgulla, homepage Discover cards, search","Rasgulla in syrup, earthen bowl","Unsplash / Pexels / Pixabay, or Wikimedia Commons (check each file), or commissioned illustration",People portraits and film stills: only if public domain or licensed; prefer illustration,needed
IMG-063,2-High,Discover cards (food),discover/ilish.webp,800x600,WebP,"/discover and /discover/ilish, homepage Discover cards, search","Hilsa with mustard, banana leaf","Unsplash / Pexels / Pixabay, or Wikimedia Commons (check each file), or commissioned illustration",People portraits and film stills: only if public domain or licensed; prefer illustration,needed
IMG-064,2-High,Discover cards (food),discover/mishti-doi.webp,800x600,WebP,"/discover and /discover/mishti-doi, homepage Discover cards, search",Mishti doi in earthen pot,"Unsplash / Pexels / Pixabay, or Wikimedia Commons (check each file), or commissioned illustration",People portraits and film stills: only if public domain or licensed; prefer illustration,needed
IMG-065,2-High,Discover cards (food),discover/khichuri-bhog.webp,800x600,WebP,"/discover and /discover/khichuri-bhog, homepage Discover cards, search","Khichuri, labra, chutney served on leaf plates","Unsplash / Pexels / Pixabay, or Wikimedia Commons (check each file), or commissioned illustration",People portraits and film stills: only if public domain or licensed; prefer illustration,needed
IMG-066,2-High,Discover cards (food),discover/pithe-puli.webp,800x600,WebP,"/discover and /discover/pithe-puli, homepage Discover cards, search",Assorted pithe on a plate,"Unsplash / Pexels / Pixabay, or Wikimedia Commons (check each file), or commissioned illustration",People portraits and film stills: only if public domain or licensed; prefer illustration,needed
IMG-067,2-High,Discover cards (food),discover/luchi-alur-dom.webp,800x600,WebP,"/discover and /discover/luchi-alur-dom, homepage Discover cards, search",Luchi with alur dom,"Unsplash / Pexels / Pixabay, or Wikimedia Commons (check each file), or commissioned illustration",People portraits and film stills: only if public domain or licensed; prefer illustration,needed
IMG-068,2-High,Discover cards (food),discover/puja-bhog.webp,800x600,WebP,"/discover and /discover/puja-bhog, homepage Discover cards, search",Bhog thali,"Unsplash / Pexels / Pixabay, or Wikimedia Commons (check each file), or commissioned illustration",People portraits and film stills: only if public domain or licensed; prefer illustration,needed
IMG-069,3-Nice,Discover cards (literature),discover/charyapada.webp,800x600,WebP,"/discover and /discover/charyapada, homepage Discover cards, search",Palm-leaf manuscript style illustration (not a copyrighted scan),"Unsplash / Pexels / Pixabay, or Wikimedia Commons (check each file), or commissioned illustration",People portraits and film stills: only if public domain or licensed; prefer illustration,needed
IMG-070,3-Nice,Discover cards (literature),discover/gitanjali.webp,800x600,WebP,"/discover and /discover/gitanjali, homepage Discover cards, search","Open book, quill and lamp illustration","Unsplash / Pexels / Pixabay, or Wikimedia Commons (check each file), or commissioned illustration",People portraits and film stills: only if public domain or licensed; prefer illustration,needed
IMG-071,3-Nice,Discover cards (literature),discover/pather-panchali.webp,800x600,WebP,"/discover and /discover/pather-panchali, homepage Discover cards, search","Kash field and railway line, illustration","Unsplash / Pexels / Pixabay, or Wikimedia Commons (check each file), or commissioned illustration",People portraits and film stills: only if public domain or licensed; prefer illustration,needed
IMG-072,3-Nice,Discover cards (cinema),discover/pather-panchali-film.webp,800x600,WebP,"/discover and /discover/pather-panchali-film, homepage Discover cards, search",Kash field or film-strip illustration (no film stills),"Unsplash / Pexels / Pixabay, or Wikimedia Commons (check each file), or commissioned illustration",People portraits and film stills: only if public domain or licensed; prefer illustration,needed
IMG-073,3-Nice,Discover cards (cinema),discover/meghe-dhaka-tara.webp,800x600,WebP,"/discover and /discover/meghe-dhaka-tara, homepage Discover cards, search",Cloud and star illustration (no film stills),"Unsplash / Pexels / Pixabay, or Wikimedia Commons (check each file), or commissioned illustration",People portraits and film stills: only if public domain or licensed; prefer illustration,needed
IMG-074,3-Nice,Discover cards (literature),discover/abol-tabol.webp,800x600,WebP,"/discover and /discover/abol-tabol, homepage Discover cards, search",Playful nonsense-creature illustration in original style,"Unsplash / Pexels / Pixabay, or Wikimedia Commons (check each file), or commissioned illustration",People portraits and film stills: only if public domain or licensed; prefer illustration,needed
IMG-075,3-Nice,Discover cards (literature),discover/meghnad-badh-kavya.webp,800x600,WebP,"/discover and /discover/meghnad-badh-kavya, homepage Discover cards, search",Epic-scene illustration,"Unsplash / Pexels / Pixabay, or Wikimedia Commons (check each file), or commissioned illustration",People portraits and film stills: only if public domain or licensed; prefer illustration,needed
IMG-076,3-Nice,Discover cards (literature),discover/devdas.webp,800x600,WebP,"/discover and /discover/devdas, homepage Discover cards, search","Old zamindari house or lamp, illustration","Unsplash / Pexels / Pixabay, or Wikimedia Commons (check each file), or commissioned illustration",People portraits and film stills: only if public domain or licensed; prefer illustration,needed
IMG-077,3-Nice,Discover cards (song),discover/rabindra-sangeet.webp,800x600,WebP,"/discover and /discover/rabindra-sangeet, homepage Discover cards, search","Tanpura, sheet of lyrics, Santiniketan light","Unsplash / Pexels / Pixabay, or Wikimedia Commons (check each file), or commissioned illustration",People portraits and film stills: only if public domain or licensed; prefer illustration,needed
IMG-078,3-Nice,Discover cards (song),discover/nazrul-geeti.webp,800x600,WebP,"/discover and /discover/nazrul-geeti, homepage Discover cards, search",Harmonium and pen,"Unsplash / Pexels / Pixabay, or Wikimedia Commons (check each file), or commissioned illustration",People portraits and film stills: only if public domain or licensed; prefer illustration,needed
IMG-079,3-Nice,Discover cards (song),discover/bhatiali-bhawaiya.webp,800x600,WebP,"/discover and /discover/bhatiali-bhawaiya, homepage Discover cards, search",Boatman on a river at dusk,"Unsplash / Pexels / Pixabay, or Wikimedia Commons (check each file), or commissioned illustration",People portraits and film stills: only if public domain or licensed; prefer illustration,needed
IMG-080,3-Nice,Discover cards (song),discover/baul-fakiri.webp,800x600,WebP,"/discover and /discover/baul-fakiri, homepage Discover cards, search",Ektara and dotara illustration,"Unsplash / Pexels / Pixabay, or Wikimedia Commons (check each file), or commissioned illustration",People portraits and film stills: only if public domain or licensed; prefer illustration,needed
IMG-081,3-Nice,Discover cards (song),discover/agomoni-songs.webp,800x600,WebP,"/discover and /discover/agomoni-songs, homepage Discover cards, search",Kash flowers and dawn sky,"Unsplash / Pexels / Pixabay, or Wikimedia Commons (check each file), or commissioned illustration",People portraits and film stills: only if public domain or licensed; prefer illustration,needed
IMG-082,3-Nice,Discover cards (song),discover/shyama-sangeet.webp,800x600,WebP,"/discover and /discover/shyama-sangeet, homepage Discover cards, search",Lamp and hibiscus,"Unsplash / Pexels / Pixabay, or Wikimedia Commons (check each file), or commissioned illustration",People portraits and film stills: only if public domain or licensed; prefer illustration,needed
IMG-083,2-High,Discover cards (history),discover/durga-puja-unesco.webp,800x600,WebP,"/discover and /discover/durga-puja-unesco, homepage Discover cards, search",Pandal-hopping crowd at night (no identifiable faces),"Unsplash / Pexels / Pixabay, or Wikimedia Commons (check each file), or commissioned illustration",People portraits and film stills: only if public domain or licensed; prefer illustration,needed
IMG-084,2-High,Discover cards (history),discover/mahalaya.webp,800x600,WebP,"/discover and /discover/mahalaya, homepage Discover cards, search",Riverbank dawn tarpan or radio set illustration,"Unsplash / Pexels / Pixabay, or Wikimedia Commons (check each file), or commissioned illustration",People portraits and film stills: only if public domain or licensed; prefer illustration,needed
IMG-085,3-Nice,Discover cards (history),discover/kali-puja.webp,800x600,WebP,"/discover and /discover/kali-puja, homepage Discover cards, search",Lamps and hibiscus,"Unsplash / Pexels / Pixabay, or Wikimedia Commons (check each file), or commissioned illustration",People portraits and film stills: only if public domain or licensed; prefer illustration,needed
IMG-086,3-Nice,Discover cards (history),discover/plassey.webp,800x600,WebP,"/discover and /discover/plassey, homepage Discover cards, search",Historic map or mango grove landscape,"Unsplash / Pexels / Pixabay, or Wikimedia Commons (check each file), or commissioned illustration",People portraits and film stills: only if public domain or licensed; prefer illustration,needed
IMG-087,3-Nice,Discover cards (history),discover/krishnananda-agamavagisha.webp,800x600,WebP,"/discover and /discover/krishnananda-agamavagisha, homepage Discover cards, search",Manuscript-style illustration,"Unsplash / Pexels / Pixabay, or Wikimedia Commons (check each file), or commissioned illustration",People portraits and film stills: only if public domain or licensed; prefer illustration,needed
IMG-088,3-Nice,Discover cards (history),discover/vidyasagar.webp,800x600,WebP,"/discover and /discover/vidyasagar, homepage Discover cards, search",Sanskrit College or book-and-quill illustration (portrait only if public domain),"Unsplash / Pexels / Pixabay, or Wikimedia Commons (check each file), or commissioned illustration",People portraits and film stills: only if public domain or licensed; prefer illustration,needed
IMG-089,3-Nice,Discover cards (theatre),discover/jatra.webp,800x600,WebP,"/discover and /discover/jatra, homepage Discover cards, search",Open-air stage with colourful costumes,"Unsplash / Pexels / Pixabay, or Wikimedia Commons (check each file), or commissioned illustration",People portraits and film stills: only if public domain or licensed; prefer illustration,needed
IMG-090,3-Nice,Discover cards (theatre),discover/nabanna-play.webp,800x600,WebP,"/discover and /discover/nabanna-play, homepage Discover cards, search",Rural harvest stage illustration,"Unsplash / Pexels / Pixabay, or Wikimedia Commons (check each file), or commissioned illustration",People portraits and film stills: only if public domain or licensed; prefer illustration,needed
IMG-091,3-Nice,Discover cards (art),discover/kalighat-pat.webp,800x600,WebP,"/discover and /discover/kalighat-pat, homepage Discover cards, search",Kalighat pat style painting (use a public-domain museum image or commission),"Unsplash / Pexels / Pixabay, or Wikimedia Commons (check each file), or commissioned illustration",People portraits and film stills: only if public domain or licensed; prefer illustration,needed
IMG-092,3-Nice,Discover cards (art),discover/nakshi-kantha.webp,800x600,WebP,"/discover and /discover/nakshi-kantha, homepage Discover cards, search",Embroidered quilt detail,"Unsplash / Pexels / Pixabay, or Wikimedia Commons (check each file), or commissioned illustration",People portraits and film stills: only if public domain or licensed; prefer illustration,needed
IMG-093,3-Nice,Discover cards (art),discover/daker-saj.webp,800x600,WebP,"/discover and /discover/daker-saj, homepage Discover cards, search",Silver-foil decorated idol detail,"Unsplash / Pexels / Pixabay, or Wikimedia Commons (check each file), or commissioned illustration",People portraits and film stills: only if public domain or licensed; prefer illustration,needed
IMG-094,3-Nice,Discover cards (art),discover/chandannagar-lights.webp,800x600,WebP,"/discover and /discover/chandannagar-lights, homepage Discover cards, search",Light gateway at night,"Unsplash / Pexels / Pixabay, or Wikimedia Commons (check each file), or commissioned illustration",People portraits and film stills: only if public domain or licensed; prefer illustration,needed
IMG-095,3-Nice,Discover cards (science),discover/satyendra-nath-bose.webp,800x600,WebP,"/discover and /discover/satyendra-nath-bose, homepage Discover cards, search","Chalkboard with equations, illustration","Unsplash / Pexels / Pixabay, or Wikimedia Commons (check each file), or commissioned illustration",People portraits and film stills: only if public domain or licensed; prefer illustration,needed
IMG-096,3-Nice,Discover cards (science),discover/jagadish-chandra-bose-radio.webp,800x600,WebP,"/discover and /discover/jagadish-chandra-bose-radio, homepage Discover cards, search",Antique instruments illustration,"Unsplash / Pexels / Pixabay, or Wikimedia Commons (check each file), or commissioned illustration",People portraits and film stills: only if public domain or licensed; prefer illustration,needed
IMG-097,3-Nice,Discover cards (tradition),discover/halkhata.webp,800x600,WebP,"/discover and /discover/halkhata, homepage Discover cards, search",New ledger with alpona and sweets,"Unsplash / Pexels / Pixabay, or Wikimedia Commons (check each file), or commissioned illustration",People portraits and film stills: only if public domain or licensed; prefer illustration,needed
IMG-098,2-High,Discover cards (tradition),discover/alpona.webp,800x600,WebP,"/discover and /discover/alpona, homepage Discover cards, search",Rice-paste alpona on a floor,"Unsplash / Pexels / Pixabay, or Wikimedia Commons (check each file), or commissioned illustration",People portraits and film stills: only if public domain or licensed; prefer illustration,needed
IMG-099,3-Nice,Discover cards (tradition),discover/nabanna-festival.webp,800x600,WebP,"/discover and /discover/nabanna-festival, homepage Discover cards, search","Golden paddy field, new rice","Unsplash / Pexels / Pixabay, or Wikimedia Commons (check each file), or commissioned illustration",People portraits and film stills: only if public domain or licensed; prefer illustration,needed
IMG-100,2-High,Discover cards (tradition),discover/puja-dhak.webp,800x600,WebP,"/discover and /discover/puja-dhak, homepage Discover cards, search",Dhak and drumsticks (hands only),"Unsplash / Pexels / Pixabay, or Wikimedia Commons (check each file), or commissioned illustration",People portraits and film stills: only if public domain or licensed; prefer illustration,needed
IMG-101,3-Nice,Discover cards (tradition),discover/dhunuchi-naach.webp,800x600,WebP,"/discover and /discover/dhunuchi-naach, homepage Discover cards, search",Dhunuchi smoke (hands only),"Unsplash / Pexels / Pixabay, or Wikimedia Commons (check each file), or commissioned illustration",People portraits and film stills: only if public domain or licensed; prefer illustration,needed
IMG-102,3-Nice,Discover cards (tradition),discover/sindoor-khela.webp,800x600,WebP,"/discover and /discover/sindoor-khela, homepage Discover cards, search",Vermilion on hands (no faces),"Unsplash / Pexels / Pixabay, or Wikimedia Commons (check each file), or commissioned illustration",People portraits and film stills: only if public domain or licensed; prefer illustration,needed
IMG-103,3-Nice,Discover cards (tradition),discover/kolabou-nabapatrika.webp,800x600,WebP,"/discover and /discover/kolabou-nabapatrika, homepage Discover cards, search",Banana plant bundle in a sari,"Unsplash / Pexels / Pixabay, or Wikimedia Commons (check each file), or commissioned illustration",People portraits and film stills: only if public domain or licensed; prefer illustration,needed
IMG-104,3-Nice,Discover cards (tradition),discover/sandhi-puja.webp,800x600,WebP,"/discover and /discover/sandhi-puja, homepage Discover cards, search",Rows of small lamps,"Unsplash / Pexels / Pixabay, or Wikimedia Commons (check each file), or commissioned illustration",People portraits and film stills: only if public domain or licensed; prefer illustration,needed
IMG-105,3-Nice,Discover cards (tradition),discover/kumari-puja.webp,800x600,WebP,"/discover and /discover/kumari-puja, homepage Discover cards, search",Flowers and thali (no photo of a child),"Unsplash / Pexels / Pixabay, or Wikimedia Commons (check each file), or commissioned illustration",People portraits and film stills: only if public domain or licensed; prefer illustration,needed
IMG-106,3-Nice,Discover cards (tradition),discover/bodhon.webp,800x600,WebP,"/discover and /discover/bodhon, homepage Discover cards, search",Bel tree and lamp,"Unsplash / Pexels / Pixabay, or Wikimedia Commons (check each file), or commissioned illustration",People portraits and film stills: only if public domain or licensed; prefer illustration,needed
IMG-107,3-Nice,Discover cards (tradition),discover/pandal-hopping.webp,800x600,WebP,"/discover and /discover/pandal-hopping, homepage Discover cards, search",Illuminated pandal exterior,"Unsplash / Pexels / Pixabay, or Wikimedia Commons (check each file), or commissioned illustration",People portraits and film stills: only if public domain or licensed; prefer illustration,needed
IMG-108,3-Nice,Discover cards (tradition),discover/barowari-puja.webp,800x600,WebP,"/discover and /discover/barowari-puja, homepage Discover cards, search",Neighbourhood pandal with bamboo frame,"Unsplash / Pexels / Pixabay, or Wikimedia Commons (check each file), or commissioned illustration",People portraits and film stills: only if public domain or licensed; prefer illustration,needed
IMG-109,3-Nice,Discover cards (tradition),discover/puja-new-clothes.webp,800x600,WebP,"/discover and /discover/puja-new-clothes, homepage Discover cards, search",Folded new saris and kurtas,"Unsplash / Pexels / Pixabay, or Wikimedia Commons (check each file), or commissioned illustration",People portraits and film stills: only if public domain or licensed; prefer illustration,needed
IMG-110,3-Nice,Discover cards (tradition),discover/bijoya-greetings.webp,800x600,WebP,"/discover and /discover/bijoya-greetings, homepage Discover cards, search",Sweets box and greeting cards,"Unsplash / Pexels / Pixabay, or Wikimedia Commons (check each file), or commissioned illustration",People portraits and film stills: only if public domain or licensed; prefer illustration,needed
IMG-111,3-Nice,Discover cards (tradition),discover/kojagari-lakshmi-puja.webp,800x600,WebP,"/discover and /discover/kojagari-lakshmi-puja, homepage Discover cards, search",Lakshmi alpona and paddy pot,"Unsplash / Pexels / Pixabay, or Wikimedia Commons (check each file), or commissioned illustration",People portraits and film stills: only if public domain or licensed; prefer illustration,needed
IMG-112,3-Nice,Discover cards (tradition),discover/bhoot-chaturdashi.webp,800x600,WebP,"/discover and /discover/bhoot-chaturdashi, homepage Discover cards, search",Fourteen lamps,"Unsplash / Pexels / Pixabay, or Wikimedia Commons (check each file), or commissioned illustration",People portraits and film stills: only if public domain or licensed; prefer illustration,needed
IMG-113,3-Nice,Discover cards (tradition),discover/bhai-phota.webp,800x600,WebP,"/discover and /discover/bhai-phota, homepage Discover cards, search",Tika plate and sweets,"Unsplash / Pexels / Pixabay, or Wikimedia Commons (check each file), or commissioned illustration",People portraits and film stills: only if public domain or licensed; prefer illustration,needed
IMG-114,3-Nice,Discover cards (tradition),discover/jagaddhatri-puja.webp,800x600,WebP,"/discover and /discover/jagaddhatri-puja, homepage Discover cards, search",Jagaddhatri idol in Chandannagar (photograph in a public procession only),"Unsplash / Pexels / Pixabay, or Wikimedia Commons (check each file), or commissioned illustration",People portraits and film stills: only if public domain or licensed; prefer illustration,needed
IMG-115,3-Nice,Discover cards (education),discover/bethune-school.webp,800x600,WebP,"/discover and /discover/bethune-school, homepage Discover cards, search",Historic school building,"Unsplash / Pexels / Pixabay, or Wikimedia Commons (check each file), or commissioned illustration",People portraits and film stills: only if public domain or licensed; prefer illustration,needed
IMG-116,3-Nice,Discover cards (education),discover/calcutta-university.webp,800x600,WebP,"/discover and /discover/calcutta-university, homepage Discover cards, search",Senate House or College Street building,"Unsplash / Pexels / Pixabay, or Wikimedia Commons (check each file), or commissioned illustration",People portraits and film stills: only if public domain or licensed; prefer illustration,needed
